{"chunk_definitions":[{"row":8,"row_count":1,"visible":true,"expansion_state":0,"options":{"engine":"r","label":"setup","include":false,"dev":"png"},"document_id":"2308CF65","chunk_id":"csetup_chunk","chunk_label":"setup"},{"row":34,"row_count":1,"visible":true,"expansion_state":0,"options":{"engine":"r","label":"Q1","dev":"png"},"document_id":"2308CF65","chunk_id":"c7l794wra2n9h","chunk_label":"Q1"},{"row":61,"row_count":1,"visible":true,"expansion_state":0,"options":{"engine":"r","label":"Q4","dev":"png"},"document_id":"2308CF65","chunk_id":"ckzbtqdr783lq","chunk_label":"Q4"},{"row":83,"row_count":1,"visible":true,"expansion_state":0,"options":{"engine":"r","label":"Q6","dev":"png"},"document_id":"2308CF65","chunk_id":"ceixjekhrpdnn","chunk_label":"Q6"}],"doc_write_time":1729801381}