"0","# Given values"
"0","beta0 <- 2.509067"
"0","phi <- 2.289377"
"0","x_data <- ants$moisture  # Observed soil moisture data"
"0","y_data <- ants$abundance  # Observed ant abundance data"
"0",""
"0","# Define the log-likelihood function in terms of beta1"
"0","log_likelihood <- function(beta1) {"
"0","  mu <- exp(beta0 + beta1 * x_data)"
"0","  sum(dnbinom(y_data, size = 1/phi, mu = mu, log = TRUE))"
"0","}"
"0",""
"0","# Define a range of beta1 values"
"0","beta1_values <- seq(-5, 5, length.out = 100)"
"0",""
"0","# Compute the log-likelihood for each beta1 value"
"0","log_likelihood_values <- sapply(beta1_values, log_likelihood)"
"0",""
"0","# Plot the log-likelihood function"
"0","plot(beta1_values, log_likelihood_values, type = ""l"", "
"0","     xlab = expression(beta[1]), "
"0","     ylab = ""Log-Likelihood"", "
"0","     main = ""Log-Likelihood as a function of beta1"")"
"0",""
